Jurisdiction,Status Classification,Latest Verified Product Status,Evidence Date,Underwriter,NAIC Code,Candidate SERFF IDs,Filing ZIP Retrieved?,Rates / Rules Retrieved?,Forms Retrieved?,Confidence,Next Action,Primary Source URL,Corroborating / Conflicting Source URL,Notes
Alabama,No verified rollout found,No public evidence of a live Enthusiast+ rollout or a verified product filing was found in the reviewed sources through 2026-07-15.,,Drivers Edge Insurance Company,23795,,No,No,No,Unknown / not established,Recheck the state's SERFF Filing Access portal under the legal carrier name and product-name variants as the phased rollout progresses.,https://s28.q4cdn.com/107308082/files/doc_financials/2025/ar/4b3894e9-e517-492e-a004-ab01967e5a6d.pdf,https://www.sec.gov/Archives/edgar/data/1840776/000184077626000021/hgty-20260331.htm,"This is not proof that no filing exists. Drivers Edge's certificates of authority do not establish that Enthusiast+ is approved, offered, or in force in a given state."
Alaska,No verified rollout found,No public evidence of a live Enthusiast+ rollout or a verified product filing was found in the reviewed sources through 2026-07-15.,,Drivers Edge Insurance Company,23795,,No,No,No,Unknown / not established,Recheck the state's SERFF Filing Access portal under the legal carrier name and product-name variants as the phased rollout progresses.,https://s28.q4cdn.com/107308082/files/doc_financials/2025/ar/4b3894e9-e517-492e-a004-ab01967e5a6d.pdf,https://www.sec.gov/Archives/edgar/data/1840776/000184077626000021/hgty-20260331.htm,"This is not proof that no filing exists. Drivers Edge's certificates of authority do not establish that Enthusiast+ is approved, offered, or in force in a given state."
Arizona,No verified rollout found,No public evidence of a live Enthusiast+ rollout or a verified product filing was found in the reviewed sources through 2026-07-15.,,Drivers Edge Insurance Company,23795,,No,No,No,Unknown / not established,Recheck the state's SERFF Filing Access portal under the legal carrier name and product-name variants as the phased rollout progresses.,https://s28.q4cdn.com/107308082/files/doc_financials/2025/ar/4b3894e9-e517-492e-a004-ab01967e5a6d.pdf,https://www.sec.gov/Archives/edgar/data/1840776/000184077626000021/hgty-20260331.htm,"This is not proof that no filing exists. Drivers Edge's certificates of authority do not establish that Enthusiast+ is approved, offered, or in force in a given state."
Arkansas,No verified rollout found,No public evidence of a live Enthusiast+ rollout or a verified product filing was found in the reviewed sources through 2026-07-15.,,Drivers Edge Insurance Company,23795,,No,No,No,Unknown / not established,Recheck the state's SERFF Filing Access portal under the legal carrier name and product-name variants as the phased rollout progresses.,https://s28.q4cdn.com/107308082/files/doc_financials/2025/ar/4b3894e9-e517-492e-a004-ab01967e5a6d.pdf,https://www.sec.gov/Archives/edgar/data/1840776/000184077626000021/hgty-20260331.htm,"This is not proof that no filing exists. Drivers Edge's certificates of authority do not establish that Enthusiast+ is approved, offered, or in force in a given state."
California,No verified rollout found,No public evidence of a live Enthusiast+ rollout or a verified product filing was found in the reviewed sources through 2026-07-15.,,Drivers Edge Insurance Company,23795,,No,No,No,Unknown / not established,Recheck the state's SERFF Filing Access portal under the legal carrier name and product-name variants as the phased rollout progresses.,https://s28.q4cdn.com/107308082/files/doc_financials/2025/ar/4b3894e9-e517-492e-a004-ab01967e5a6d.pdf,https://www.sec.gov/Archives/edgar/data/1840776/000184077626000021/hgty-20260331.htm,"This is not proof that no filing exists. Drivers Edge's certificates of authority do not establish that Enthusiast+ is approved, offered, or in force in a given state."
Colorado,Verified active / pilot,"Enthusiast+ launched in Q3 2025. On 2026-05-06, Hagerty's CFO stated that E-Plus was in one state, Colorado.",2026-05-06,Drivers Edge Insurance Company,23795,134093487; 134444200 (state and product mapping unconfirmed),No,No,No,High on live status; low on candidate filing-ID mapping,Obtain the complete current-in-force SERFF export from the Colorado Division of Insurance and reconcile the candidate IDs.,https://s28.q4cdn.com/107308082/files/doc_financials/2025/ar/4b3894e9-e517-492e-a004-ab01967e5a6d.pdf,https://www.roic.ai/quote/HGTY/transcripts/2026-year/1-quarter,Colorado is the only currently verified active market. The official filing attachments were not retrievable from a public deep link without an active state SERFF session.
Connecticut,No verified rollout found,No public evidence of a live Enthusiast+ rollout or a verified product filing was found in the reviewed sources through 2026-07-15.,,Drivers Edge Insurance Company,23795,,No,No,No,Unknown / not established,Recheck the state's SERFF Filing Access portal under the legal carrier name and product-name variants as the phased rollout progresses.,https://s28.q4cdn.com/107308082/files/doc_financials/2025/ar/4b3894e9-e517-492e-a004-ab01967e5a6d.pdf,https://www.sec.gov/Archives/edgar/data/1840776/000184077626000021/hgty-20260331.htm,"This is not proof that no filing exists. Drivers Edge's certificates of authority do not establish that Enthusiast+ is approved, offered, or in force in a given state."
Delaware,No verified rollout found,No public evidence of a live Enthusiast+ rollout or a verified product filing was found in the reviewed sources through 2026-07-15.,,Drivers Edge Insurance Company,23795,,No,No,No,Unknown / not established,Recheck the state's SERFF Filing Access portal under the legal carrier name and product-name variants as the phased rollout progresses.,https://s28.q4cdn.com/107308082/files/doc_financials/2025/ar/4b3894e9-e517-492e-a004-ab01967e5a6d.pdf,https://www.sec.gov/Archives/edgar/data/1840776/000184077626000021/hgty-20260331.htm,"This is not proof that no filing exists. Drivers Edge's certificates of authority do not establish that Enthusiast+ is approved, offered, or in force in a given state."
District of Columbia,No verified rollout found,No public evidence of a live Enthusiast+ rollout or a verified product filing was found in the reviewed sources through 2026-07-15.,,Drivers Edge Insurance Company,23795,,No,No,No,Unknown / not established,Recheck the state's SERFF Filing Access portal under the legal carrier name and product-name variants as the phased rollout progresses.,https://s28.q4cdn.com/107308082/files/doc_financials/2025/ar/4b3894e9-e517-492e-a004-ab01967e5a6d.pdf,https://www.sec.gov/Archives/edgar/data/1840776/000184077626000021/hgty-20260331.htm,"This is not proof that no filing exists. Drivers Edge's certificates of authority do not establish that Enthusiast+ is approved, offered, or in force in a given state."
Florida,No verified rollout found,No public evidence of a live Enthusiast+ rollout or a verified product filing was found in the reviewed sources through 2026-07-15.,,Drivers Edge Insurance Company,23795,,No,No,No,Unknown / not established,Recheck the state's SERFF Filing Access portal under the legal carrier name and product-name variants as the phased rollout progresses.,https://s28.q4cdn.com/107308082/files/doc_financials/2025/ar/4b3894e9-e517-492e-a004-ab01967e5a6d.pdf,https://www.sec.gov/Archives/edgar/data/1840776/000184077626000021/hgty-20260331.htm,"This is not proof that no filing exists. Drivers Edge's certificates of authority do not establish that Enthusiast+ is approved, offered, or in force in a given state."
Georgia,No verified rollout found,No public evidence of a live Enthusiast+ rollout or a verified product filing was found in the reviewed sources through 2026-07-15.,,Drivers Edge Insurance Company,23795,,No,No,No,Unknown / not established,Recheck the state's SERFF Filing Access portal under the legal carrier name and product-name variants as the phased rollout progresses.,https://s28.q4cdn.com/107308082/files/doc_financials/2025/ar/4b3894e9-e517-492e-a004-ab01967e5a6d.pdf,https://www.sec.gov/Archives/edgar/data/1840776/000184077626000021/hgty-20260331.htm,"This is not proof that no filing exists. Drivers Edge's certificates of authority do not establish that Enthusiast+ is approved, offered, or in force in a given state."
Hawaii,No verified rollout found,No public evidence of a live Enthusiast+ rollout or a verified product filing was found in the reviewed sources through 2026-07-15.,,Drivers Edge Insurance Company,23795,,No,No,No,Unknown / not established,Recheck the state's SERFF Filing Access portal under the legal carrier name and product-name variants as the phased rollout progresses.,https://s28.q4cdn.com/107308082/files/doc_financials/2025/ar/4b3894e9-e517-492e-a004-ab01967e5a6d.pdf,https://www.sec.gov/Archives/edgar/data/1840776/000184077626000021/hgty-20260331.htm,"This is not proof that no filing exists. Drivers Edge's certificates of authority do not establish that Enthusiast+ is approved, offered, or in force in a given state."
Idaho,No verified rollout found,No public evidence of a live Enthusiast+ rollout or a verified product filing was found in the reviewed sources through 2026-07-15.,,Drivers Edge Insurance Company,23795,,No,No,No,Unknown / not established,Recheck the state's SERFF Filing Access portal under the legal carrier name and product-name variants as the phased rollout progresses.,https://s28.q4cdn.com/107308082/files/doc_financials/2025/ar/4b3894e9-e517-492e-a004-ab01967e5a6d.pdf,https://www.sec.gov/Archives/edgar/data/1840776/000184077626000021/hgty-20260331.htm,"This is not proof that no filing exists. Drivers Edge's certificates of authority do not establish that Enthusiast+ is approved, offered, or in force in a given state."
Illinois,No verified rollout found,No public evidence of a live Enthusiast+ rollout or a verified product filing was found in the reviewed sources through 2026-07-15.,,Drivers Edge Insurance Company,23795,,No,No,No,Unknown / not established,Recheck the state's SERFF Filing Access portal under the legal carrier name and product-name variants as the phased rollout progresses.,https://s28.q4cdn.com/107308082/files/doc_financials/2025/ar/4b3894e9-e517-492e-a004-ab01967e5a6d.pdf,https://www.sec.gov/Archives/edgar/data/1840776/000184077626000021/hgty-20260331.htm,"This is not proof that no filing exists. Drivers Edge's certificates of authority do not establish that Enthusiast+ is approved, offered, or in force in a given state."
Indiana,No verified rollout found,No public evidence of a live Enthusiast+ rollout or a verified product filing was found in the reviewed sources through 2026-07-15.,,Drivers Edge Insurance Company,23795,,No,No,No,Unknown / not established,Recheck the state's SERFF Filing Access portal under the legal carrier name and product-name variants as the phased rollout progresses.,https://s28.q4cdn.com/107308082/files/doc_financials/2025/ar/4b3894e9-e517-492e-a004-ab01967e5a6d.pdf,https://www.sec.gov/Archives/edgar/data/1840776/000184077626000021/hgty-20260331.htm,"This is not proof that no filing exists. Drivers Edge's certificates of authority do not establish that Enthusiast+ is approved, offered, or in force in a given state."
Iowa,No verified rollout found,No public evidence of a live Enthusiast+ rollout or a verified product filing was found in the reviewed sources through 2026-07-15.,,Drivers Edge Insurance Company,23795,,No,No,No,Unknown / not established,Recheck the state's SERFF Filing Access portal under the legal carrier name and product-name variants as the phased rollout progresses.,https://s28.q4cdn.com/107308082/files/doc_financials/2025/ar/4b3894e9-e517-492e-a004-ab01967e5a6d.pdf,https://www.sec.gov/Archives/edgar/data/1840776/000184077626000021/hgty-20260331.htm,"This is not proof that no filing exists. Drivers Edge's certificates of authority do not establish that Enthusiast+ is approved, offered, or in force in a given state."
Kansas,No verified rollout found,No public evidence of a live Enthusiast+ rollout or a verified product filing was found in the reviewed sources through 2026-07-15.,,Drivers Edge Insurance Company,23795,,No,No,No,Unknown / not established,Recheck the state's SERFF Filing Access portal under the legal carrier name and product-name variants as the phased rollout progresses.,https://s28.q4cdn.com/107308082/files/doc_financials/2025/ar/4b3894e9-e517-492e-a004-ab01967e5a6d.pdf,https://www.sec.gov/Archives/edgar/data/1840776/000184077626000021/hgty-20260331.htm,"This is not proof that no filing exists. Drivers Edge's certificates of authority do not establish that Enthusiast+ is approved, offered, or in force in a given state."
Kentucky,No verified rollout found,No public evidence of a live Enthusiast+ rollout or a verified product filing was found in the reviewed sources through 2026-07-15.,,Drivers Edge Insurance Company,23795,,No,No,No,Unknown / not established,Recheck the state's SERFF Filing Access portal under the legal carrier name and product-name variants as the phased rollout progresses.,https://s28.q4cdn.com/107308082/files/doc_financials/2025/ar/4b3894e9-e517-492e-a004-ab01967e5a6d.pdf,https://www.sec.gov/Archives/edgar/data/1840776/000184077626000021/hgty-20260331.htm,"This is not proof that no filing exists. Drivers Edge's certificates of authority do not establish that Enthusiast+ is approved, offered, or in force in a given state."
Louisiana,No verified rollout found,No public evidence of a live Enthusiast+ rollout or a verified product filing was found in the reviewed sources through 2026-07-15.,,Drivers Edge Insurance Company,23795,,No,No,No,Unknown / not established,Recheck the state's SERFF Filing Access portal under the legal carrier name and product-name variants as the phased rollout progresses.,https://s28.q4cdn.com/107308082/files/doc_financials/2025/ar/4b3894e9-e517-492e-a004-ab01967e5a6d.pdf,https://www.sec.gov/Archives/edgar/data/1840776/000184077626000021/hgty-20260331.htm,"This is not proof that no filing exists. Drivers Edge's certificates of authority do not establish that Enthusiast+ is approved, offered, or in force in a given state."
Maine,No verified rollout found,No public evidence of a live Enthusiast+ rollout or a verified product filing was found in the reviewed sources through 2026-07-15.,,Drivers Edge Insurance Company,23795,,No,No,No,Unknown / not established,Recheck the state's SERFF Filing Access portal under the legal carrier name and product-name variants as the phased rollout progresses.,https://s28.q4cdn.com/107308082/files/doc_financials/2025/ar/4b3894e9-e517-492e-a004-ab01967e5a6d.pdf,https://www.sec.gov/Archives/edgar/data/1840776/000184077626000021/hgty-20260331.htm,"This is not proof that no filing exists. Drivers Edge's certificates of authority do not establish that Enthusiast+ is approved, offered, or in force in a given state."
Maryland,No verified rollout found,No public evidence of a live Enthusiast+ rollout or a verified product filing was found in the reviewed sources through 2026-07-15.,,Drivers Edge Insurance Company,23795,,No,No,No,Unknown / not established,Recheck the state's SERFF Filing Access portal under the legal carrier name and product-name variants as the phased rollout progresses.,https://s28.q4cdn.com/107308082/files/doc_financials/2025/ar/4b3894e9-e517-492e-a004-ab01967e5a6d.pdf,https://www.sec.gov/Archives/edgar/data/1840776/000184077626000021/hgty-20260331.htm,"This is not proof that no filing exists. Drivers Edge's certificates of authority do not establish that Enthusiast+ is approved, offered, or in force in a given state."
Massachusetts,No verified rollout found,No public evidence of a live Enthusiast+ rollout or a verified product filing was found in the reviewed sources through 2026-07-15.,,Drivers Edge Insurance Company,23795,,No,No,No,Unknown / not established,Recheck the state's SERFF Filing Access portal under the legal carrier name and product-name variants as the phased rollout progresses.,https://s28.q4cdn.com/107308082/files/doc_financials/2025/ar/4b3894e9-e517-492e-a004-ab01967e5a6d.pdf,https://www.sec.gov/Archives/edgar/data/1840776/000184077626000021/hgty-20260331.htm,"This is not proof that no filing exists. Drivers Edge's certificates of authority do not establish that Enthusiast+ is approved, offered, or in force in a given state."
Michigan,No verified rollout found,No public evidence of a live Enthusiast+ rollout or a verified product filing was found in the reviewed sources through 2026-07-15.,,Drivers Edge Insurance Company,23795,,No,No,No,Unknown / not established,Recheck the state's SERFF Filing Access portal under the legal carrier name and product-name variants as the phased rollout progresses.,https://s28.q4cdn.com/107308082/files/doc_financials/2025/ar/4b3894e9-e517-492e-a004-ab01967e5a6d.pdf,https://www.sec.gov/Archives/edgar/data/1840776/000184077626000021/hgty-20260331.htm,"This is not proof that no filing exists. Drivers Edge's certificates of authority do not establish that Enthusiast+ is approved, offered, or in force in a given state."
Minnesota,No verified rollout found,No public evidence of a live Enthusiast+ rollout or a verified product filing was found in the reviewed sources through 2026-07-15.,,Drivers Edge Insurance Company,23795,,No,No,No,Unknown / not established,Recheck the state's SERFF Filing Access portal under the legal carrier name and product-name variants as the phased rollout progresses.,https://s28.q4cdn.com/107308082/files/doc_financials/2025/ar/4b3894e9-e517-492e-a004-ab01967e5a6d.pdf,https://www.sec.gov/Archives/edgar/data/1840776/000184077626000021/hgty-20260331.htm,"This is not proof that no filing exists. Drivers Edge's certificates of authority do not establish that Enthusiast+ is approved, offered, or in force in a given state."
Mississippi,No verified rollout found,No public evidence of a live Enthusiast+ rollout or a verified product filing was found in the reviewed sources through 2026-07-15.,,Drivers Edge Insurance Company,23795,,No,No,No,Unknown / not established,Recheck the state's SERFF Filing Access portal under the legal carrier name and product-name variants as the phased rollout progresses.,https://s28.q4cdn.com/107308082/files/doc_financials/2025/ar/4b3894e9-e517-492e-a004-ab01967e5a6d.pdf,https://www.sec.gov/Archives/edgar/data/1840776/000184077626000021/hgty-20260331.htm,"This is not proof that no filing exists. Drivers Edge's certificates of authority do not establish that Enthusiast+ is approved, offered, or in force in a given state."
Missouri,No verified rollout found,No public evidence of a live Enthusiast+ rollout or a verified product filing was found in the reviewed sources through 2026-07-15.,,Drivers Edge Insurance Company,23795,,No,No,No,Unknown / not established,Recheck the state's SERFF Filing Access portal under the legal carrier name and product-name variants as the phased rollout progresses.,https://s28.q4cdn.com/107308082/files/doc_financials/2025/ar/4b3894e9-e517-492e-a004-ab01967e5a6d.pdf,https://www.sec.gov/Archives/edgar/data/1840776/000184077626000021/hgty-20260331.htm,"This is not proof that no filing exists. Drivers Edge's certificates of authority do not establish that Enthusiast+ is approved, offered, or in force in a given state."
Montana,No verified rollout found,No public evidence of a live Enthusiast+ rollout or a verified product filing was found in the reviewed sources through 2026-07-15.,,Drivers Edge Insurance Company,23795,,No,No,No,Unknown / not established,Recheck the state's SERFF Filing Access portal under the legal carrier name and product-name variants as the phased rollout progresses.,https://s28.q4cdn.com/107308082/files/doc_financials/2025/ar/4b3894e9-e517-492e-a004-ab01967e5a6d.pdf,https://www.sec.gov/Archives/edgar/data/1840776/000184077626000021/hgty-20260331.htm,"This is not proof that no filing exists. Drivers Edge's certificates of authority do not establish that Enthusiast+ is approved, offered, or in force in a given state."
Nebraska,No verified rollout found,No public evidence of a live Enthusiast+ rollout or a verified product filing was found in the reviewed sources through 2026-07-15.,,Drivers Edge Insurance Company,23795,,No,No,No,Unknown / not established,Recheck the state's SERFF Filing Access portal under the legal carrier name and product-name variants as the phased rollout progresses.,https://s28.q4cdn.com/107308082/files/doc_financials/2025/ar/4b3894e9-e517-492e-a004-ab01967e5a6d.pdf,https://www.sec.gov/Archives/edgar/data/1840776/000184077626000021/hgty-20260331.htm,"This is not proof that no filing exists. Drivers Edge's certificates of authority do not establish that Enthusiast+ is approved, offered, or in force in a given state."
Nevada,No verified rollout found,No public evidence of a live Enthusiast+ rollout or a verified product filing was found in the reviewed sources through 2026-07-15.,,Drivers Edge Insurance Company,23795,,No,No,No,Unknown / not established,Recheck the state's SERFF Filing Access portal under the legal carrier name and product-name variants as the phased rollout progresses.,https://s28.q4cdn.com/107308082/files/doc_financials/2025/ar/4b3894e9-e517-492e-a004-ab01967e5a6d.pdf,https://www.sec.gov/Archives/edgar/data/1840776/000184077626000021/hgty-20260331.htm,"This is not proof that no filing exists. Drivers Edge's certificates of authority do not establish that Enthusiast+ is approved, offered, or in force in a given state."
New Hampshire,No verified rollout found,No public evidence of a live Enthusiast+ rollout or a verified product filing was found in the reviewed sources through 2026-07-15.,,Drivers Edge Insurance Company,23795,,No,No,No,Unknown / not established,Recheck the state's SERFF Filing Access portal under the legal carrier name and product-name variants as the phased rollout progresses.,https://s28.q4cdn.com/107308082/files/doc_financials/2025/ar/4b3894e9-e517-492e-a004-ab01967e5a6d.pdf,https://www.sec.gov/Archives/edgar/data/1840776/000184077626000021/hgty-20260331.htm,"This is not proof that no filing exists. Drivers Edge's certificates of authority do not establish that Enthusiast+ is approved, offered, or in force in a given state."
New Jersey,No verified rollout found,No public evidence of a live Enthusiast+ rollout or a verified product filing was found in the reviewed sources through 2026-07-15.,,Drivers Edge Insurance Company,23795,,No,No,No,Unknown / not established,Recheck the state's SERFF Filing Access portal under the legal carrier name and product-name variants as the phased rollout progresses.,https://s28.q4cdn.com/107308082/files/doc_financials/2025/ar/4b3894e9-e517-492e-a004-ab01967e5a6d.pdf,https://www.sec.gov/Archives/edgar/data/1840776/000184077626000021/hgty-20260331.htm,"This is not proof that no filing exists. Drivers Edge's certificates of authority do not establish that Enthusiast+ is approved, offered, or in force in a given state."
New Mexico,No verified rollout found,No public evidence of a live Enthusiast+ rollout or a verified product filing was found in the reviewed sources through 2026-07-15.,,Drivers Edge Insurance Company,23795,,No,No,No,Unknown / not established,Recheck the state's SERFF Filing Access portal under the legal carrier name and product-name variants as the phased rollout progresses.,https://s28.q4cdn.com/107308082/files/doc_financials/2025/ar/4b3894e9-e517-492e-a004-ab01967e5a6d.pdf,https://www.sec.gov/Archives/edgar/data/1840776/000184077626000021/hgty-20260331.htm,"This is not proof that no filing exists. Drivers Edge's certificates of authority do not establish that Enthusiast+ is approved, offered, or in force in a given state."
New York,No verified rollout found,No public evidence of a live Enthusiast+ rollout or a verified product filing was found in the reviewed sources through 2026-07-15.,,Drivers Edge Insurance Company,23795,,No,No,No,Unknown / not established,Recheck the state's SERFF Filing Access portal under the legal carrier name and product-name variants as the phased rollout progresses.,https://s28.q4cdn.com/107308082/files/doc_financials/2025/ar/4b3894e9-e517-492e-a004-ab01967e5a6d.pdf,https://www.sec.gov/Archives/edgar/data/1840776/000184077626000021/hgty-20260331.htm,"This is not proof that no filing exists. Drivers Edge's certificates of authority do not establish that Enthusiast+ is approved, offered, or in force in a given state."
North Carolina,No verified rollout found,No public evidence of a live Enthusiast+ rollout or a verified product filing was found in the reviewed sources through 2026-07-15.,,Drivers Edge Insurance Company,23795,,No,No,No,Unknown / not established,Recheck the state's SERFF Filing Access portal under the legal carrier name and product-name variants as the phased rollout progresses.,https://s28.q4cdn.com/107308082/files/doc_financials/2025/ar/4b3894e9-e517-492e-a004-ab01967e5a6d.pdf,https://www.sec.gov/Archives/edgar/data/1840776/000184077626000021/hgty-20260331.htm,"This is not proof that no filing exists. Drivers Edge's certificates of authority do not establish that Enthusiast+ is approved, offered, or in force in a given state."
North Dakota,No verified rollout found,No public evidence of a live Enthusiast+ rollout or a verified product filing was found in the reviewed sources through 2026-07-15.,,Drivers Edge Insurance Company,23795,,No,No,No,Unknown / not established,Recheck the state's SERFF Filing Access portal under the legal carrier name and product-name variants as the phased rollout progresses.,https://s28.q4cdn.com/107308082/files/doc_financials/2025/ar/4b3894e9-e517-492e-a004-ab01967e5a6d.pdf,https://www.sec.gov/Archives/edgar/data/1840776/000184077626000021/hgty-20260331.htm,"This is not proof that no filing exists. Drivers Edge's certificates of authority do not establish that Enthusiast+ is approved, offered, or in force in a given state."
Ohio,No verified rollout found,No public evidence of a live Enthusiast+ rollout or a verified product filing was found in the reviewed sources through 2026-07-15.,,Drivers Edge Insurance Company,23795,,No,No,No,Unknown / not established,Recheck the state's SERFF Filing Access portal under the legal carrier name and product-name variants as the phased rollout progresses.,https://s28.q4cdn.com/107308082/files/doc_financials/2025/ar/4b3894e9-e517-492e-a004-ab01967e5a6d.pdf,https://www.sec.gov/Archives/edgar/data/1840776/000184077626000021/hgty-20260331.htm,"This is not proof that no filing exists. Drivers Edge's certificates of authority do not establish that Enthusiast+ is approved, offered, or in force in a given state."
Oklahoma,No verified rollout found,No public evidence of a live Enthusiast+ rollout or a verified product filing was found in the reviewed sources through 2026-07-15.,,Drivers Edge Insurance Company,23795,,No,No,No,Unknown / not established,Recheck the state's SERFF Filing Access portal under the legal carrier name and product-name variants as the phased rollout progresses.,https://s28.q4cdn.com/107308082/files/doc_financials/2025/ar/4b3894e9-e517-492e-a004-ab01967e5a6d.pdf,https://www.sec.gov/Archives/edgar/data/1840776/000184077626000021/hgty-20260331.htm,"This is not proof that no filing exists. Drivers Edge's certificates of authority do not establish that Enthusiast+ is approved, offered, or in force in a given state."
Oregon,No verified rollout found,No public evidence of a live Enthusiast+ rollout or a verified product filing was found in the reviewed sources through 2026-07-15.,,Drivers Edge Insurance Company,23795,,No,No,No,Unknown / not established,Recheck the state's SERFF Filing Access portal under the legal carrier name and product-name variants as the phased rollout progresses.,https://s28.q4cdn.com/107308082/files/doc_financials/2025/ar/4b3894e9-e517-492e-a004-ab01967e5a6d.pdf,https://www.sec.gov/Archives/edgar/data/1840776/000184077626000021/hgty-20260331.htm,"This is not proof that no filing exists. Drivers Edge's certificates of authority do not establish that Enthusiast+ is approved, offered, or in force in a given state."
Pennsylvania,No verified rollout found,No public evidence of a live Enthusiast+ rollout or a verified product filing was found in the reviewed sources through 2026-07-15.,,Drivers Edge Insurance Company,23795,,No,No,No,Unknown / not established,Recheck the state's SERFF Filing Access portal under the legal carrier name and product-name variants as the phased rollout progresses.,https://s28.q4cdn.com/107308082/files/doc_financials/2025/ar/4b3894e9-e517-492e-a004-ab01967e5a6d.pdf,https://www.sec.gov/Archives/edgar/data/1840776/000184077626000021/hgty-20260331.htm,"This is not proof that no filing exists. Drivers Edge's certificates of authority do not establish that Enthusiast+ is approved, offered, or in force in a given state."
Rhode Island,No verified rollout found,No public evidence of a live Enthusiast+ rollout or a verified product filing was found in the reviewed sources through 2026-07-15.,,Drivers Edge Insurance Company,23795,,No,No,No,Unknown / not established,Recheck the state's SERFF Filing Access portal under the legal carrier name and product-name variants as the phased rollout progresses.,https://s28.q4cdn.com/107308082/files/doc_financials/2025/ar/4b3894e9-e517-492e-a004-ab01967e5a6d.pdf,https://www.sec.gov/Archives/edgar/data/1840776/000184077626000021/hgty-20260331.htm,"This is not proof that no filing exists. Drivers Edge's certificates of authority do not establish that Enthusiast+ is approved, offered, or in force in a given state."
South Carolina,No verified rollout found,No public evidence of a live Enthusiast+ rollout or a verified product filing was found in the reviewed sources through 2026-07-15.,,Drivers Edge Insurance Company,23795,,No,No,No,Unknown / not established,Recheck the state's SERFF Filing Access portal under the legal carrier name and product-name variants as the phased rollout progresses.,https://s28.q4cdn.com/107308082/files/doc_financials/2025/ar/4b3894e9-e517-492e-a004-ab01967e5a6d.pdf,https://www.sec.gov/Archives/edgar/data/1840776/000184077626000021/hgty-20260331.htm,"This is not proof that no filing exists. Drivers Edge's certificates of authority do not establish that Enthusiast+ is approved, offered, or in force in a given state."
South Dakota,No verified rollout found,No public evidence of a live Enthusiast+ rollout or a verified product filing was found in the reviewed sources through 2026-07-15.,,Drivers Edge Insurance Company,23795,,No,No,No,Unknown / not established,Recheck the state's SERFF Filing Access portal under the legal carrier name and product-name variants as the phased rollout progresses.,https://s28.q4cdn.com/107308082/files/doc_financials/2025/ar/4b3894e9-e517-492e-a004-ab01967e5a6d.pdf,https://www.sec.gov/Archives/edgar/data/1840776/000184077626000021/hgty-20260331.htm,"This is not proof that no filing exists. Drivers Edge's certificates of authority do not establish that Enthusiast+ is approved, offered, or in force in a given state."
Tennessee,No verified rollout found,No public evidence of a live Enthusiast+ rollout or a verified product filing was found in the reviewed sources through 2026-07-15.,,Drivers Edge Insurance Company,23795,,No,No,No,Unknown / not established,Recheck the state's SERFF Filing Access portal under the legal carrier name and product-name variants as the phased rollout progresses.,https://s28.q4cdn.com/107308082/files/doc_financials/2025/ar/4b3894e9-e517-492e-a004-ab01967e5a6d.pdf,https://www.sec.gov/Archives/edgar/data/1840776/000184077626000021/hgty-20260331.htm,"This is not proof that no filing exists. Drivers Edge's certificates of authority do not establish that Enthusiast+ is approved, offered, or in force in a given state."
Texas,No verified rollout found,No public evidence of a live Enthusiast+ rollout or a verified product filing was found in the reviewed sources through 2026-07-15.,,Drivers Edge Insurance Company,23795,,No,No,No,Unknown / not established,Recheck the state's SERFF Filing Access portal under the legal carrier name and product-name variants as the phased rollout progresses.,https://s28.q4cdn.com/107308082/files/doc_financials/2025/ar/4b3894e9-e517-492e-a004-ab01967e5a6d.pdf,https://www.sec.gov/Archives/edgar/data/1840776/000184077626000021/hgty-20260331.htm,"This is not proof that no filing exists. Drivers Edge's certificates of authority do not establish that Enthusiast+ is approved, offered, or in force in a given state."
Utah,No verified rollout found,No public evidence of a live Enthusiast+ rollout or a verified product filing was found in the reviewed sources through 2026-07-15.,,Drivers Edge Insurance Company,23795,,No,No,No,Unknown / not established,Recheck the state's SERFF Filing Access portal under the legal carrier name and product-name variants as the phased rollout progresses.,https://s28.q4cdn.com/107308082/files/doc_financials/2025/ar/4b3894e9-e517-492e-a004-ab01967e5a6d.pdf,https://www.sec.gov/Archives/edgar/data/1840776/000184077626000021/hgty-20260331.htm,"This is not proof that no filing exists. Drivers Edge's certificates of authority do not establish that Enthusiast+ is approved, offered, or in force in a given state."
Vermont,No verified rollout found,No public evidence of a live Enthusiast+ rollout or a verified product filing was found in the reviewed sources through 2026-07-15.,,Drivers Edge Insurance Company,23795,,No,No,No,Unknown / not established,Recheck the state's SERFF Filing Access portal under the legal carrier name and product-name variants as the phased rollout progresses.,https://s28.q4cdn.com/107308082/files/doc_financials/2025/ar/4b3894e9-e517-492e-a004-ab01967e5a6d.pdf,https://www.sec.gov/Archives/edgar/data/1840776/000184077626000021/hgty-20260331.htm,"This is not proof that no filing exists. Drivers Edge's certificates of authority do not establish that Enthusiast+ is approved, offered, or in force in a given state."
Virginia,No verified rollout found,No public evidence of a live Enthusiast+ rollout or a verified product filing was found in the reviewed sources through 2026-07-15.,,Drivers Edge Insurance Company,23795,,No,No,No,Unknown / not established,Recheck the state's SERFF Filing Access portal under the legal carrier name and product-name variants as the phased rollout progresses.,https://s28.q4cdn.com/107308082/files/doc_financials/2025/ar/4b3894e9-e517-492e-a004-ab01967e5a6d.pdf,https://www.sec.gov/Archives/edgar/data/1840776/000184077626000021/hgty-20260331.htm,"This is not proof that no filing exists. Drivers Edge's certificates of authority do not establish that Enthusiast+ is approved, offered, or in force in a given state."
Washington,No verified rollout found,No public evidence of a live Enthusiast+ rollout or a verified product filing was found in the reviewed sources through 2026-07-15.,,Drivers Edge Insurance Company,23795,,No,No,No,Unknown / not established,Recheck the state's SERFF Filing Access portal under the legal carrier name and product-name variants as the phased rollout progresses.,https://s28.q4cdn.com/107308082/files/doc_financials/2025/ar/4b3894e9-e517-492e-a004-ab01967e5a6d.pdf,https://www.sec.gov/Archives/edgar/data/1840776/000184077626000021/hgty-20260331.htm,"This is not proof that no filing exists. Drivers Edge's certificates of authority do not establish that Enthusiast+ is approved, offered, or in force in a given state."
West Virginia,No verified rollout found,No public evidence of a live Enthusiast+ rollout or a verified product filing was found in the reviewed sources through 2026-07-15.,,Drivers Edge Insurance Company,23795,,No,No,No,Unknown / not established,Recheck the state's SERFF Filing Access portal under the legal carrier name and product-name variants as the phased rollout progresses.,https://s28.q4cdn.com/107308082/files/doc_financials/2025/ar/4b3894e9-e517-492e-a004-ab01967e5a6d.pdf,https://www.sec.gov/Archives/edgar/data/1840776/000184077626000021/hgty-20260331.htm,"This is not proof that no filing exists. Drivers Edge's certificates of authority do not establish that Enthusiast+ is approved, offered, or in force in a given state."
Wisconsin,Reported rollout / unresolved,"Coverager reported Wisconsin as the second launch on 2025-09-10; a later issuer statement on 2026-05-06 said E-Plus was in one state, Colorado.",2026-05-06,Drivers Edge Insurance Company,23795,134093487; 134444200 (state and product mapping unconfirmed),No,No,No,Medium on reported launch; high on later issuer contradiction,"Request the complete Wisconsin OCI filing file and written current-status confirmation: approved, launched, withdrawn, delayed, or superseded.",https://coverager.com/hagerty-expands-drivers-edge-enthusiast-program-to-wisconsin/,https://www.roic.ai/quote/HGTY/transcripts/2026-year/1-quarter,Do not treat Wisconsin as currently in force until OCI filing dispositions/effective dates or the insurer resolve the conflict.
Wyoming,No verified rollout found,No public evidence of a live Enthusiast+ rollout or a verified product filing was found in the reviewed sources through 2026-07-15.,,Drivers Edge Insurance Company,23795,,No,No,No,Unknown / not established,Recheck the state's SERFF Filing Access portal under the legal carrier name and product-name variants as the phased rollout progresses.,https://s28.q4cdn.com/107308082/files/doc_financials/2025/ar/4b3894e9-e517-492e-a004-ab01967e5a6d.pdf,https://www.sec.gov/Archives/edgar/data/1840776/000184077626000021/hgty-20260331.htm,"This is not proof that no filing exists. Drivers Edge's certificates of authority do not establish that Enthusiast+ is approved, offered, or in force in a given state."
